[
{"pk": 1, "model": "checkin.block", "fields": {"start_at": "10:00:00", "name": "3-4", "end_at": "11:30:00"}},
{"pk": 2, "model": "checkin.block", "fields": {"start_at": "11:45:00", "name": "5-6", "end_at": "13:15:00"}},
{"pk": 3, "model": "checkin.block", "fields": {"start_at": "13:45:00", "name": "7-8", "end_at": "15:15:00"}}, 
{"pk": 4, "model": "checkin.block", "fields": {"start_at": "15:25:00", "name": "9-10", "end_at": "16:55:00"}}, 
{"pk": 5, "model": "checkin.block", "fields": {"start_at": "17:05:00", "name": "11-12", "end_at": "18:35:00"}},
{"pk": 6, "model": "checkin.block", "fields": {"start_at": "18:45:00", "name": "13-14", "end_at": "20:15:00"}},
{"pk": 1, "model": "checkin.employee", "fields": {"name": "Primo A 3-4"}},
{"pk": 2, "model": "checkin.employee", "fields": {"name": "Primo A 5-6"}},
{"pk": 3, "model": "checkin.employee", "fields": {"name": "Primo A 7-8"}},
{"pk": 4, "model": "checkin.employee", "fields": {"name": "Primo A 9-10"}},
{"pk": 5, "model": "checkin.employee", "fields": {"name": "Primo A 11-12"}},
{"pk": 6, "model": "checkin.employee", "fields": {"name": "Primo A 13-14"}},
{"pk": 7, "model": "checkin.employee", "fields": {"name": "Primo B 3-4"}},
{"pk": 8, "model": "checkin.employee", "fields": {"name": "Primo B 5-6"}},
{"pk": 9, "model": "checkin.employee", "fields": {"name": "Primo B 7-8"}},
{"pk": 10, "model": "checkin.employee", "fields": {"name": "Primo B 9-10"}},
{"pk": 11, "model": "checkin.employee", "fields": {"name": "Primo B 11-12"}},
{"pk": 12, "model": "checkin.employee", "fields": {"name": "Primo B 13-14"}},
{"pk": 1, "model": "checkin.period", "fields": {"start_at": "2011-07-04 22:03:28", "name": "2011-S1", "end_at": "2012-12-31 22:03:31"}}, 
{"pk": 1, "model": "checkin.shift", "fields": {"block": 1, "weekday": 1}},
{"pk": 2, "model": "checkin.shift", "fields": {"block": 1, "weekday": 2}},
{"pk": 3, "model": "checkin.shift", "fields": {"block": 1, "weekday": 3}},
{"pk": 4, "model": "checkin.shift", "fields": {"block": 1, "weekday": 4}},
{"pk": 5, "model": "checkin.shift", "fields": {"block": 1, "weekday": 5}},
{"pk": 6, "model": "checkin.shift", "fields": {"block": 2, "weekday": 1}},
{"pk": 7, "model": "checkin.shift", "fields": {"block": 2, "weekday": 2}},
{"pk": 8, "model": "checkin.shift", "fields": {"block": 2, "weekday": 3}},
{"pk": 9, "model": "checkin.shift", "fields": {"block": 2, "weekday": 4}},
{"pk": 10, "model": "checkin.shift", "fields": {"block": 2, "weekday": 5}},
{"pk": 11, "model": "checkin.shift", "fields": {"block": 3, "weekday": 1}},
{"pk": 12, "model": "checkin.shift", "fields": {"block": 3, "weekday": 2}},
{"pk": 13, "model": "checkin.shift", "fields": {"block": 3, "weekday": 3}},
{"pk": 14, "model": "checkin.shift", "fields": {"block": 3, "weekday": 4}},
{"pk": 15, "model": "checkin.shift", "fields": {"block": 3, "weekday": 5}},
{"pk": 16, "model": "checkin.shift", "fields": {"block": 4, "weekday": 1}},
{"pk": 17, "model": "checkin.shift", "fields": {"block": 4, "weekday": 2}},
{"pk": 18, "model": "checkin.shift", "fields": {"block": 4, "weekday": 3}},
{"pk": 19, "model": "checkin.shift", "fields": {"block": 4, "weekday": 4}},
{"pk": 20, "model": "checkin.shift", "fields": {"block": 4, "weekday": 5}},
{"pk": 21, "model": "checkin.shift", "fields": {"block": 5, "weekday": 1}},
{"pk": 22, "model": "checkin.shift", "fields": {"block": 5, "weekday": 2}},
{"pk": 23, "model": "checkin.shift", "fields": {"block": 5, "weekday": 3}},
{"pk": 24, "model": "checkin.shift", "fields": {"block": 5, "weekday": 4}},
{"pk": 25, "model": "checkin.shift", "fields": {"block": 5, "weekday": 5}},
{"pk": 26, "model": "checkin.shift", "fields": {"block": 6, "weekday": 1}},
{"pk": 27, "model": "checkin.shift", "fields": {"block": 6, "weekday": 2}},
{"pk": 28, "model": "checkin.shift", "fields": {"block": 6, "weekday": 3}},
{"pk": 29, "model": "checkin.shift", "fields": {"block": 6, "weekday": 4}},
{"pk": 30, "model": "checkin.shift", "fields": {"block": 6, "weekday": 5}},
{"pk": 1, "model": "checkin.shiftemployees", "fields": {"period": 1, "shift": 1, "employee": 1}},
{"pk": 2, "model": "checkin.shiftemployees", "fields": {"period": 1, "shift": 1, "employee": 7}},
{"pk": 3, "model": "checkin.shiftemployees", "fields": {"period": 1, "shift": 2, "employee": 1}},
{"pk": 4, "model": "checkin.shiftemployees", "fields": {"period": 1, "shift": 2, "employee": 7}},
{"pk": 5, "model": "checkin.shiftemployees", "fields": {"period": 1, "shift": 3, "employee": 1}},
{"pk": 6, "model": "checkin.shiftemployees", "fields": {"period": 1, "shift": 3, "employee": 7}},
{"pk": 7, "model": "checkin.shiftemployees", "fields": {"period": 1, "shift": 4, "employee": 1}},
{"pk": 8, "model": "checkin.shiftemployees", "fields": {"period": 1, "shift": 4, "employee": 7}},
{"pk": 9, "model": "checkin.shiftemployees", "fields": {"period": 1, "shift": 5, "employee": 1}},
{"pk": 10, "model": "checkin.shiftemployees", "fields": {"period": 1, "shift": 5, "employee": 7}},
{"pk": 11, "model": "checkin.shiftemployees", "fields": {"period": 1, "shift": 6, "employee": 2}},
{"pk": 12, "model": "checkin.shiftemployees", "fields": {"period": 1, "shift": 6, "employee": 8}},
{"pk": 13, "model": "checkin.shiftemployees", "fields": {"period": 1, "shift": 7, "employee": 2}},
{"pk": 14, "model": "checkin.shiftemployees", "fields": {"period": 1, "shift": 7, "employee": 8}},
{"pk": 15, "model": "checkin.shiftemployees", "fields": {"period": 1, "shift": 8, "employee": 2}},
{"pk": 16, "model": "checkin.shiftemployees", "fields": {"period": 1, "shift": 8, "employee": 8}},
{"pk": 17, "model": "checkin.shiftemployees", "fields": {"period": 1, "shift": 9, "employee": 2}},
{"pk": 18, "model": "checkin.shiftemployees", "fields": {"period": 1, "shift": 9, "employee": 8}},
{"pk": 19, "model": "checkin.shiftemployees", "fields": {"period": 1, "shift": 10, "employee": 2}},
{"pk": 20, "model": "checkin.shiftemployees", "fields": {"period": 1, "shift": 10, "employee": 8}},
{"pk": 21, "model": "checkin.shiftemployees", "fields": {"period": 1, "shift": 11, "employee": 3}},
{"pk": 22, "model": "checkin.shiftemployees", "fields": {"period": 1, "shift": 11, "employee": 9}},
{"pk": 23, "model": "checkin.shiftemployees", "fields": {"period": 1, "shift": 12, "employee": 3}},
{"pk": 24, "model": "checkin.shiftemployees", "fields": {"period": 1, "shift": 12, "employee": 9}},
{"pk": 25, "model": "checkin.shiftemployees", "fields": {"period": 1, "shift": 13, "employee": 3}},
{"pk": 26, "model": "checkin.shiftemployees", "fields": {"period": 1, "shift": 13, "employee": 9}},
{"pk": 27, "model": "checkin.shiftemployees", "fields": {"period": 1, "shift": 14, "employee": 3}},
{"pk": 28, "model": "checkin.shiftemployees", "fields": {"period": 1, "shift": 14, "employee": 9}},
{"pk": 29, "model": "checkin.shiftemployees", "fields": {"period": 1, "shift": 15, "employee": 3}},
{"pk": 30, "model": "checkin.shiftemployees", "fields": {"period": 1, "shift": 15, "employee": 9}},
{"pk": 31, "model": "checkin.shiftemployees", "fields": {"period": 1, "shift": 16, "employee": 4}},
{"pk": 32, "model": "checkin.shiftemployees", "fields": {"period": 1, "shift": 16, "employee": 10}},
{"pk": 33, "model": "checkin.shiftemployees", "fields": {"period": 1, "shift": 17, "employee": 4}},
{"pk": 34, "model": "checkin.shiftemployees", "fields": {"period": 1, "shift": 17, "employee": 10}},
{"pk": 35, "model": "checkin.shiftemployees", "fields": {"period": 1, "shift": 18, "employee": 4}},
{"pk": 36, "model": "checkin.shiftemployees", "fields": {"period": 1, "shift": 18, "employee": 10}},
{"pk": 37, "model": "checkin.shiftemployees", "fields": {"period": 1, "shift": 19, "employee": 4}},
{"pk": 38, "model": "checkin.shiftemployees", "fields": {"period": 1, "shift": 19, "employee": 10}},
{"pk": 39, "model": "checkin.shiftemployees", "fields": {"period": 1, "shift": 20, "employee": 4}},
{"pk": 40, "model": "checkin.shiftemployees", "fields": {"period": 1, "shift": 20, "employee": 10}},
{"pk": 41, "model": "checkin.shiftemployees", "fields": {"period": 1, "shift": 21, "employee": 5}},
{"pk": 42, "model": "checkin.shiftemployees", "fields": {"period": 1, "shift": 21, "employee": 11}},
{"pk": 43, "model": "checkin.shiftemployees", "fields": {"period": 1, "shift": 22, "employee": 5}},
{"pk": 44, "model": "checkin.shiftemployees", "fields": {"period": 1, "shift": 22, "employee": 11}},
{"pk": 45, "model": "checkin.shiftemployees", "fields": {"period": 1, "shift": 23, "employee": 5}},
{"pk": 46, "model": "checkin.shiftemployees", "fields": {"period": 1, "shift": 23, "employee": 11}},
{"pk": 47, "model": "checkin.shiftemployees", "fields": {"period": 1, "shift": 24, "employee": 5}},
{"pk": 48, "model": "checkin.shiftemployees", "fields": {"period": 1, "shift": 24, "employee": 11}},
{"pk": 49, "model": "checkin.shiftemployees", "fields": {"period": 1, "shift": 25, "employee": 5}},
{"pk": 50, "model": "checkin.shiftemployees", "fields": {"period": 1, "shift": 25, "employee": 11}},
{"pk": 51, "model": "checkin.shiftemployees", "fields": {"period": 1, "shift": 26, "employee": 6}},
{"pk": 52, "model": "checkin.shiftemployees", "fields": {"period": 1, "shift": 26, "employee": 12}},
{"pk": 53, "model": "checkin.shiftemployees", "fields": {"period": 1, "shift": 27, "employee": 6}},
{"pk": 54, "model": "checkin.shiftemployees", "fields": {"period": 1, "shift": 27, "employee": 12}},
{"pk": 55, "model": "checkin.shiftemployees", "fields": {"period": 1, "shift": 28, "employee": 6}},
{"pk": 56, "model": "checkin.shiftemployees", "fields": {"period": 1, "shift": 28, "employee": 12}},
{"pk": 57, "model": "checkin.shiftemployees", "fields": {"period": 1, "shift": 29, "employee": 6}},
{"pk": 58, "model": "checkin.shiftemployees", "fields": {"period": 1, "shift": 29, "employee": 12}},
{"pk": 59, "model": "checkin.shiftemployees", "fields": {"period": 1, "shift": 30, "employee": 6}},
{"pk": 60, "model": "checkin.shiftemployees", "fields": {"period": 1, "shift": 30, "employee": 12}}
]
